id,name,email,company,city,country,birthday
4962fdbE6Bfee6D,"Pam Sparks",nicolas00@faulkner-kramer.com,Patel-Deleon,Blakemouth,"British Indian Ocean Territory (Chagos Archipelago)",2001-02-25
9b12Ae76fdBc9bE,"Gina Rocha",yfarley@morgan.com,"Acosta, Paul and Barber","East Lynnchester","Costa Rica",1997-10-03
39edFd2F60C85BC,"Kristie Greer",jennyhayden@petty.org,"Ochoa PLC","West Pamela",Ecuador,1979-07-02
Fa42AE6a9aD39cE,"Arthur Fields",igrimes@ruiz-todd.org,Moyer-Wang,"East Belinda",Afghanistan,1953-04-21
F5702Edae925F1D,"Michelle Blevins",diamondcarter@jordan.com,"Shah and Sons","West Jared","Marshall Islands",1987-05-14
9FBfbd34c3f30d9,"Greg Rivers",mannkiara@bowman.com,"Hendrix, Arias and Holmes","New Pedrohaven",Senegal,1962-07-09
D31D38D576aB1Bf,"Brian Brandt",dlynn@palmer-morgan.com,"Reed, Wiley and Oconnor",Rayville,"Marshall Islands",1953-04-17
3C3B8bee16BcC5F,"Dennis Pacheco",joy45@conner.org,Contreras-Brock,"South Eugenehaven","Sri Lanka",1962-07-14
7C1C93522Bd5e4B,"Malik Rivers",stacydavis@spencer.com,"Best, Washington and Jacobson",Mejiastad,"Wallis and Futuna",1973-10-14
bABC8cBffe68792,"Hayden Riddle",danhouston@moon.net,Rogers-Dean,Kaitlynmouth,Cameroon,1944-11-12
534a2B5FE8Aba5d,"Edward Wood",batesbill@jensen.net,"Mckee, Schneider and Orozco",Kelseystad,Croatia,1974-04-09
4baa94d4FaEbe9d,"Julie Stein",sherry62@robinson.org,"Fry Group","South Frankside",Macao,1991-10-02
Fc2c8D2BE1AEfDb,"Kristina Andrade",ivillarreal@fowler.biz,"Mann Ltd","Port Taraton","Pitcairn Islands",1969-10-06
9468BBc926AaAB3,"Zoe Hansen",duransheena@hughes.com,"Tanner PLC",Kimberlyfort,Benin,1957-04-28
BE96AcDDCc77da0,"Joseph Bennett",albertparsons@shea.com,"Stafford Group","Port Mathew",Peru,1950-05-20
A24E162EBb6D97B,"Vickie Ferguson",rita82@carey.com,Ward-Ferrell,Carlyport,Tunisia,1950-01-22
f1a979d0Ed2dB14,"Dillon Frye",housegreg@dillon.com,Short-Novak,"Lake Kendraview",Colombia,1976-09-17
dCBC761B59e4EFB,"Grace Logan",jodyeverett@potter.com,Ellis-Williamson,Rochaborough,Kenya,2004-08-01
d0e6bb354BAeEEd,"Sara Dudley",beth75@noble.com,"Coffey Ltd","Lake Davestad",Guernsey,1982-06-10
8Ace2d52a65faA6,"Philip Andersen",reginaldavila@stanley.com,"Hays, Shea and Nguyen",Devonburgh,Morocco,2003-09-04
479BDefDBe92D35,"Meghan Price",debbie00@orozco.com,"Pierce Group",Alvinhaven,"Pitcairn Islands",1993-11-24
A1505BF376CC5Ed,"Aimee Brooks",chambersdanielle@good-cannon.com,"Walker Ltd",Mitchellview,Malaysia,1979-07-11
eeAAb881488E030,"Sheryl Stein",nsellers@winters.org,"Gilmore and Sons","New Richard",Slovenia,1997-04-24
5b04Fa517bF3a85,"Tony Sanford",zmcguire@cline.org,"Mcmahon, Ramirez and Bond",Joannshire,Iceland,1978-06-08
dbCDD2A070edCb4,"Johnny Mcdaniel",pbird@kirk.com,"Prince, Cline and Horn",Ellisburgh,Bermuda,2006-09-01
34BEBcc82bC50Dd,"Dominic Wiggins",wrussell@bradshaw-nguyen.net,Yoder-Aguilar,"East Natashaland",Cuba,1977-04-03
B8f38cCfdCc2C1A,"Sue Owens",ymitchell@mayer.biz,"Gray Ltd","Port Tammiefurt",Italy,2001-10-25
a24eB840950dac7,"Mackenzie Leonard",bwheeler@hickman-acevedo.com,"Abbott Inc",Bauerfort,Ukraine,1980-10-12
13D7dF9dccCea1e,"Eugene Haas",bholmes@wilson.com,"Barker, Crawford and Larsen",Mckeeborough,Philippines,1999-10-02
dD1E3AECf73C4C3,"Raven Cohen",jennifermccormick@ross-bernard.net,"Freeman Group",Josephbury,Egypt,1951-12-09
8cfD28baAdDa327,"Mario Poole",stricklandkayla@mcknight.biz,Vasquez-Edwards,"Lake Ashley","Bosnia and Herzegovina",1963-03-02
A4DCa561daD6Bee,"Duane Hickman",andersenjeanne@massey.com,"Burton, Mccann and Turner",Savannahland,Andorra,1952-01-02
B0D6fcC44d9D730,"Jose Herrera",wburnett@delgado-padilla.net,"Mcneil, Vance and Kelley","Port Ivan","Cape Verde",1944-03-23
feE562AE4cc1C37,"Rachael Hubbard",tmccarthy@moon.com,Bautista-Howe,"South Ruthbury","Bosnia and Herzegovina",1992-05-09
7Ae7E7f9c159dCA,"Gabriela Kane",kristinegomez@mcgrath-shah.com,"Riggs LLC",Dickersonmouth,Qatar,2006-06-20
106abC5fa1774A7,"Zachary Patterson",lbooth@orr.com,"Yates and Sons",Dayburgh,Kazakhstan,1976-07-12
B47F8FFD6D40392,"Roberto Fox",andradejaime@adams-stafford.org,"Cline, Humphrey and Avery",Marvinville,Macedonia,2001-04-02
e39fc890ABafB99,"Shelby Hayes",brenda98@cortez-stevens.org,"Rose Inc",Michealmouth,Chile,1974-05-17
0146c8AD7936FEc,"Ralph Dominguez",orrdaisy@tyler-fritz.net,"Peterson LLC","North Steven","Central African Republic",1947-09-06
fB803B89D2A4f7f,"Jason Valentine",randallwood@green.com,Mayo-Jackson,"Lake Kimberly",Colombia,1969-02-28
1E4ee1ADe49ec53,"Kevin Fuentes",bernardgerald@oneal.com,Bradshaw-Estes,"Lake Greg",Liechtenstein,1980-10-28
8e93C1867589172,"Eric Gomez",xpatton@harrington.net,Wade-Sutton,"New Sandychester","San Marino",1997-08-03
5cc602D12ab139D,"Seth Cox",herbert23@salas.com,"West LLC",Caseyfort,France,1995-10-13
Cfaea4fa3e8aF0A,"Cindy Parsons",lucas25@case.info,"Glover, Dillon and Goodwin",Cameronfort,Congo,1950-12-10
55dc78dC4CDF6a7,"Angela Petty",gilesdonna@keller-york.com,Young-Roberts,Chaneychester,Barbados,1952-09-17
c8D5fe9fAAEdAB6,"Sherry Hicks",alejandratravis@santos-vargas.com,"Jefferson Inc",Brandyburgh,Niger,1979-10-15
c87CbbB202D39C2,"Caitlyn Juarez",franklin06@bean-dalton.com,"Jefferson Ltd",Daughertyfort,Italy,1977-11-26
aBCD5Ab729d8B09,"Pedro Moss",sweeneymark@hopkins-hughes.com,Best-Bryant,"East Renee",Eritrea,1994-04-25
A7dC4AbaecB5891,"Adrian Briggs",garzacaroline@gross-hall.net,"Mclean Ltd",Velasquezstad,Thailand,1978-05-05
5DEf38a9CeD5e0f,"Pam Archer",chasecathy@wheeler-franco.info,"Pierce LLC",Jeromemouth,Brazil,2002-10-27
74B8b3AD1b61962,"Edgar Aguirre",hcannon@weeks-obrien.com,Christian-Odonnell,Arianaville,"Cote d'Ivoire",1958-04-13
fdAAd93F484bfe3,"Jenna Morgan",antonioduncan@martinez.org,"Sandoval Group",Sabrinamouth,Kuwait,1962-02-27
aC56D99204daEBf,"Kari Durham",ohowell@hays.org,Gutierrez-Novak,"North Samantha","Turks and Caicos Islands",1959-05-20
Eea8fAFDc121eDe,"Jasmine Johns",bonnie23@rivas.net,Clark-Paul,"Lake Stephen",Bahrain,1966-07-18
E60F20fbfb12da3,"Jackie Drake",leah21@roberts.biz,"Garrett, Horne and Mason",Cathyberg,Lebanon,2003-10-19
ADb263e7078feCa,"Karl Peters",whitneykane@camacho-cook.biz,"Flynn Inc",Terranceport,Hungary,1985-06-19
0Dc72BFC77375bA,"Kaylee Roberson",sampsonchristie@reynolds.biz,Lowery-Harrison,"North Shari",Ecuador,1988-01-01
4Cac6bad72E1E7e,"Madeline Heath",stacey27@glenn.org,"Jones Group","Port Anita",Niue,1961-09-22
c947EE4C8Ee01Da,"Meredith Zuniga",mario15@berger.com,"Keller, Nicholson and Huffman",Coleton,Eritrea,1948-06-13
7Dc30F5EaaC273F,"Kelly Stuart",shelby65@howe.com,"Mcintyre, Barrera and Garrison","Lake Ritaville","Northern Mariana Islands",1990-12-01
fBBf698fcABd6c7,"Taylor Norman",nnorton@love.com,"Berg, Harmon and Fitzpatrick","New Coreystad",Egypt,2006-07-25
63fB8BBe99a5adD,"Barbara Delgado",cordovatiffany@english.com,"Jackson, Taylor and Gomez",Jonesbury,"Trinidad and Tobago",1971-07-30
98a9aA0BB3a3285,"Herbert Martin",uvazquez@porter.com,Washington-Gutierrez,Nguyenton,China,1973-09-10
2d3c37278AFE5Ea,"Gabrielle Montgomery",daisycooke@ross.biz,"Saunders, Vasquez and Tapia",Nancyton,Dominica,1954-11-26
5061F9Bfb637077,"Belinda Juarez",juanmartin@oconnell.com,"Pittman and Sons",Taylorburgh,"Cocos (Keeling) Islands",1967-12-08
0b6bBBA89CA4C4A,"Shannon Hartman",leaholson@galloway-washington.biz,"Gregory and Sons",Manuelbury,Gibraltar,1998-08-02
A4F4fCebF9D7FF4,"Kent Love",villanuevalydia@zhang.com,Potter-Orr,Eriktown,Djibouti,1945-12-21
4AaABfAB31Da85a,"Sandra Cervantes",hansenmichelle@raymond.com,Huerta-Barr,Blackburnstad,Montenegro,1961-01-17
eEc8F6f29F3FD0B,"Angel Woodard",akaufman@reynolds.com,"Austin Inc","New Theresa",Togo,2006-03-22
FcdFEf2A202C4DB,"Chase Higgins",charleneholloway@harrison-zuniga.com,Key-Dorsey,"North Vernon","Saudi Arabia",1984-05-20
5fFEdFFCFdDA990,"Samantha Suarez",hgraham@nichols.com,"Chang and Sons",Houstontown,Poland,1965-09-27
17f6aAfCeD6b889,"Chase Whitaker",shelly82@sloan.com,"Price, Lamb and Wong","Port Brendanhaven",Mauritius,1946-11-26
4dcFc6e3E1DAa94,"Dalton Cherry",huffmanguy@mcknight.com,"Lozano, Avila and Salas","West Cristina",Fiji,1972-06-27
2FE216B69Ebb2ee,"Robin Parker",nicole43@stout-harrell.com,Chen-Curtis,"East Shelley",Palau,1987-08-24
Ec2baa1Ba9c0e2a,"Evelyn Barnes",xrubio@fischer.com,Obrien-Maynard,"North Robertoport","Saint Lucia",1988-12-10
f61c1DebcD36DC1,"Adam Velazquez",curtis87@keller.org,"Walter, Mcgee and Hays",Richardhaven,Estonia,1974-11-03
4fbb95c37A66fE2,"Madeline Decker",amayer@patrick-mullen.com,Conway-Galloway,Pittsburgh,Sudan,1983-06-30
a8B80F8b574C1Cf,"Earl Buchanan",pkirk@mcfarland.com,Marsh-Bailey,"Port Tonyaland",Canada,1946-10-28
a7ff4191E021Cf9,"Jesse Stark",phillip13@hutchinson.com,"Gallegos Inc",Brennanfurt,Grenada,1979-06-03
E845c05BFf24cAC,"Kelli Phelps",tonya69@shaw.com,Flynn-Huff,"New Carmen","Heard Island and McDonald Islands",1999-01-15
f7eCcA2e10aDddc,"Gene Torres",jenkinschris@dunn.biz,"Dean Ltd","Port Carol",Seychelles,1985-01-22
b5570aaFc2E759c,"Sherry Wade",gwendolyn79@schmitt.biz,"Pittman Group","North Johnny",Macao,1962-06-22
BFa2eeA0E3F7680,"Curtis Lane",daisy12@watkins-good.com,"Richards Group",Johnathanville,Slovenia,1959-01-06
1CDeb44D4bB3eBf,"Shelly Rivas",xknox@copeland-stout.org,"Espinoza, Rhodes and Archer","Lake Howard",Iraq,1978-11-17
8f5Fd5BdF7CcadC,"Gloria Norman",sdennis@thompson.com,Ayers-Russo,"North Terrence","Northern Mariana Islands",1994-11-02
2BfEFD7d47Ba3c6,"Elijah Black",cochrandorothy@hood.com,"Bauer, Garcia and Lin","East Shirleyberg",Egypt,1968-06-13
acbdDf7D9a9Be28,"Danny Austin",vbender@herrera.com,"Jensen Ltd","East Theresamouth",Kiribati,1951-09-28
Ed9dBb72e87BB23,"Mason Leblanc",uholder@middleton.net,Dunlap-Hunt,"New Teresamouth",Italy,1979-06-08
9c1F19b15f1d40c,"Allen Bowers",spencerthomas@norman-mckinney.com,Pennington-Lucas,"Port Isabelburgh","French Southern Territories",1990-12-23
BB8d98aB7FccEb2,"Stacy Mejia",cindy55@sosa-ward.com,Holder-Li,"South Alfredport",Mali,1959-10-07
Eaff79142120cba,"Madison Chavez",fhampton@schneider.net,"Salazar, Roberts and Mathews",Prestonfort,Guyana,2001-06-17
BaEfe72fBeddF0a,"Erin Decker",donald08@rosario-edwards.com,Snow-Hooper,"Lake Rodneyland","Saint Martin",2004-05-01
60dCD5AadcF83a3,"Howard Cervantes",uwilkerson@brown.com,Hurley-Sanchez,"South Brittany",Anguilla,1984-07-07
09F30bFd9aEE071,"Tyler Sherman",psalas@bowman-smith.com,Hurst-Suarez,Sherylmouth,"San Marino",1956-03-15
e7FE9C8d9bD9979,"Frederick Torres",ryanphillips@huber-haynes.com,"Callahan Inc","West Sonia","Saint Helena",1984-04-20
8eDbF2ebaac4fe8,"Andre Bird",larsenbilly@powell.com,"Hensley, Mcbride and Hobbs","North Dan",Croatia,1947-02-07
5102BECEA21220c,"Patty Ellis",theresahunt@galloway.info,"Oconnell, Bentley and Walls",Sarastad,"Cote d'Ivoire",1949-01-23
Cf05aBFcC957B8C,"Corey Powell",virginia07@grant.com,"Schultz, Macdonald and Howard","East Clinton",Bahamas,1979-11-17
F72b7ab38c75C16,"Adrienne Poole",sylvia97@wu-harrell.com,"Whitney and Sons","East Theodorefort",Jersey,1952-10-05
eCf0a05e5cBCf15,"Matthew Dodson",billmayer@david.com,Mcpherson-Caldwell,Maloneshire,Mozambique,1962-07-11
